,21,22,81,82,101,102,111
0,31.95876288659794,44.07216494845361,73.85567010309278,40.25773195876289,40.628865979381445,28.762886597938145,29.65979381443299
1,33.597938144329895,45.51546391752577,76.58762886597938,41.2680412371134,40.4639175257732,29.587628865979383,29.948453608247423
2,30.95876288659794,47.06185567010309,79.05154639175258,42.7319587628866,40.41237113402062,29.515463917525775,33.618556701030926
3,31.52577319587629,44.34020618556701,80.96907216494846,43.41237113402062,40.06185567010309,28.79381443298969,35.597938144329895
4,32.56701030927835,45.76288659793814,85.82474226804123,47.24742268041237,40.78350515463917,30.896907216494846,35.350515463917525
5,35.27835051546392,46.97938144329897,85.74226804123711,47.68041237113402,40.329896907216494,29.38144329896907,37.02061855670103
6,33.645833333333336,43.5625,87.40625,49.677083333333336,41.4375,31.385416666666668,35.979166666666664
7,32.27368421052632,44.8,86.67368421052632,48.88421052631579,41.56842105263158,31.66315789473684,38.17894736842105
8,33.4,45.96842105263158,86.41052631578947,49.71578947368421,42.33684210526316,33.92631578947368,38.694736842105264
9,31.726315789473684,47.33684210526316,91.57894736842105,53.82105263157895,42.88421052631579,36.11578947368421,44.32631578947368
10,29.104166666666668,45.614583333333336,95.15625,54.395833333333336,45.447916666666664,38.541666666666664,47.177083333333336
11,29.8125,48.104166666666664,101.08333333333333,61.114583333333336,44.833333333333336,36.260416666666664,47.989583333333336
12,26.34375,44.28125,100.33333333333333,60.010416666666664,45.3125,37.770833333333336,51.072916666666664
13,26.585106382978722,45.48936170212766,101.32978723404256,59.851063829787236,43.47872340425532,36.0,53.58510638297872
14,25.242105263157896,42.294736842105266,100.63157894736842,62.44210526315789,42.62105263157895,34.22105263157895,55.76842105263158
15,24.927083333333332,39.708333333333336,110.02083333333333,69.86458333333333,41.6875,32.927083333333336,57.385416666666664
16,23.489583333333332,38.104166666666664,97.76041666666667,70.90625,43.739583333333336,34.90625,56.8125
17,23.166666666666668,37.427083333333336,91.03125,61.947916666666664,39.260416666666664,30.604166666666668,58.854166666666664
18,21.760416666666668,33.458333333333336,83.10416666666667,52.666666666666664,40.833333333333336,30.635416666666668,57.916666666666664
19,23.875,33.541666666666664,75.28125,44.479166666666664,37.03125,30.604166666666668,52.90625
20,23.96875,33.104166666666664,67.53125,35.635416666666664,35.052083333333336,27.3125,48.71875
21,24.385416666666668,29.635416666666668,58.895833333333336,29.40625,32.739583333333336,23.510416666666668,40.947916666666664
22,23.354166666666668,30.979166666666668,54.8125,26.697916666666668,32.104166666666664,24.020833333333332,35.875
23,26.395833333333332,31.239583333333332,52.989583333333336,26.1875,30.854166666666668,20.479166666666668,32.8125
24,25.572916666666668,30.0,47.5625,23.4375,30.291666666666668,19.65625,29.072916666666668
25,26.885416666666668,28.416666666666668,45.625,22.15625,28.145833333333332,16.979166666666668,24.875
26,22.90625,26.666666666666668,46.1875,22.322916666666668,28.46875,16.114583333333332,24.354166666666668
27,20.916666666666668,28.989583333333332,46.895833333333336,24.0,26.510416666666668,14.052083333333334,23.541666666666668
28,20.947916666666668,27.552083333333332,47.0,24.635416666666668,24.53125,13.25,21.125
29,18.1875,23.03125,42.90625,22.40625,23.416666666666668,11.760416666666666,20.145833333333332
30,15.791666666666666,20.25,41.895833333333336,21.270833333333332,23.34375,12.052083333333334,19.041666666666668
31,15.71875,20.635416666666668,42.145833333333336,21.010416666666668,21.291666666666668,11.645833333333334,17.979166666666668
32,16.177083333333332,20.697916666666668,44.354166666666664,22.25,21.270833333333332,11.479166666666666,19.989583333333332
33,15.4375,20.072916666666668,39.03125,20.854166666666668,19.697916666666668,10.916666666666666,17.09375
34,14.75,19.072916666666668,41.229166666666664,21.458333333333332,19.84375,10.291666666666666,17.833333333333332
35,15.541666666666666,20.947916666666668,39.5,19.635416666666668,19.270833333333332,10.322916666666666,15.979166666666666
36,14.239583333333334,18.989583333333332,39.802083333333336,20.302083333333332,19.885416666666668,10.604166666666666,15.6875
37,13.46875,16.739583333333332,33.072916666666664,18.15625,18.15625,9.791666666666666,13.010416666666666
38,11.854166666666666,14.041666666666666,29.979166666666668,16.71875,16.0625,8.541666666666666,11.427083333333334
39,10.385416666666666,12.802083333333334,28.15625,16.302083333333332,14.958333333333334,8.833333333333334,11.78125
40,9.145833333333334,11.020833333333334,23.708333333333332,13.666666666666666,14.864583333333334,8.895833333333334,10.90625
41,7.3125,8.5,20.333333333333332,12.729166666666666,14.208333333333334,8.135416666666666,10.59375
42,6.322916666666667,7.15625,18.489583333333332,12.239583333333334,12.03125,6.864583333333333,7.864583333333333
43,4.604166666666667,5.333333333333333,15.75,11.447916666666666,11.71875,6.520833333333333,5.958333333333333
44,4.166666666666667,4.75,13.416666666666666,10.0,11.145833333333334,5.635416666666667,4.375
45,3.1354166666666665,3.7708333333333335,11.895833333333334,8.791666666666666,9.583333333333334,5.114583333333333,3.6770833333333335
46,3.1145833333333335,3.6666666666666665,11.604166666666666,8.166666666666666,8.333333333333334,3.8333333333333335,2.8125
47,2.9791666666666665,3.3541666666666665,9.864583333333334,7.510416666666667,7.427083333333333,3.4166666666666665,2.9375
48,2.3645833333333335,2.8854166666666665,9.166666666666666,7.416666666666667,6.552083333333333,3.1666666666666665,2.0625
49,2.4895833333333335,2.8020833333333335,8.09375,6.354166666666667,6.020833333333333,3.0833333333333335,2.3645833333333335
50,1.65625,1.8541666666666667,7.447916666666667,5.885416666666667,5.145833333333333,2.5208333333333335,1.6666666666666667
51,1.8541666666666667,2.1979166666666665,7.260416666666667,5.822916666666667,5.197916666666667,2.625,1.5416666666666667
52,1.6979166666666667,2.0416666666666665,6.052083333333333,4.916666666666667,4.197916666666667,2.21875,1.4166666666666667
53,1.6458333333333333,2.1041666666666665,4.75,4.208333333333333,4.041666666666667,2.0729166666666665,1.2083333333333333
54,1.6354166666666667,1.9791666666666667,5.03125,3.46875,3.6875,2.0,1.0520833333333333
55,1.6444444444444444,1.9222222222222223,4.944444444444445,3.533333333333333,3.433333333333333,1.5444444444444445,1.0222222222222221
56,1.4166666666666667,1.5208333333333333,4.166666666666667,3.59375,3.7708333333333335,1.9375,0.84375
57,1.71875,1.9583333333333333,4.677083333333333,3.6041666666666665,3.3020833333333335,2.03125,0.8645833333333334
58,1.9375,2.1979166666666665,4.09375,3.4270833333333335,3.375,2.15625,1.0520833333333333
59,2.2291666666666665,2.3541666666666665,5.5625,4.0625,3.3333333333333335,1.5416666666666667,0.7395833333333334
60,2.34375,3.1770833333333335,5.1875,3.96875,3.34375,1.9166666666666667,0.9166666666666666
61,2.6979166666666665,3.3020833333333335,6.677083333333333,4.71875,3.4166666666666665,1.9166666666666667,0.9895833333333334
62,4.166666666666667,4.59375,9.572916666666666,6.0625,5.15625,3.2604166666666665,1.2916666666666667
63,5.59375,6.583333333333333,13.34375,8.635416666666666,5.270833333333333,3.28125,1.6145833333333333
64,8.4375,9.177083333333334,18.510416666666668,10.927083333333334,4.833333333333333,3.9895833333333335,2.1979166666666665
65,12.697916666666666,14.010416666666666,28.729166666666668,13.625,5.9375,4.833333333333333,2.4791666666666665
66,14.368421052631579,15.442105263157895,34.14736842105263,20.210526315789473,9.705263157894738,6.136842105263158,3.536842105263158
67,21.273684210526316,18.63157894736842,40.62105263157895,21.378947368421052,9.421052631578947,5.810526315789474,6.242105263157895
68,28.16842105263158,24.926315789473684,43.92631578947368,22.652631578947368,13.368421052631579,11.221052631578948,8.115789473684211
69,34.98947368421052,36.8,45.95789473684211,22.642105263157895,20.768421052631577,20.263157894736842,9.4
70,46.33684210526316,52.82105263157895,51.357894736842105,25.778947368421054,27.010526315789473,30.68421052631579,11.83157894736842
71,45.83157894736842,48.189473684210526,52.65263157894737,25.13684210526316,24.326315789473686,30.54736842105263,11.610526315789473
72,47.589473684210525,55.49473684210526,58.23157894736842,29.49473684210526,24.642105263157895,32.04210526315789,13.6
73,59.04210526315789,72.92631578947369,60.62105263157895,31.51578947368421,29.094736842105263,37.37894736842105,15.91578947368421
74,64.98947368421052,74.11578947368422,64.5578947368421,33.98947368421052,32.526315789473685,41.49473684210526,20.54736842105263
75,73.54255319148936,72.81914893617021,66.51063829787235,35.234042553191486,34.212765957446805,40.776595744680854,26.22340425531915
76,71.84210526315789,76.56842105263158,66.5578947368421,36.863157894736844,34.93684210526316,41.6,31.073684210526316
77,72.16842105263157,87.61052631578947,63.23157894736842,36.66315789473684,36.589473684210525,41.63157894736842,24.263157894736842
78,54.23157894736842,68.94736842105263,61.97894736842105,35.54736842105263,36.66315789473684,41.16842105263158,25.431578947368422
79,54.6,63.96842105263158,57.642105263157895,31.842105263157894,37.26315789473684,38.66315789473684,23.48421052631579
80,45.85263157894737,58.0,63.78947368421053,37.694736842105264,39.09473684210526,38.16842105263158,23.74736842105263
81,39.07368421052632,53.49473684210526,62.07368421052632,33.63157894736842,41.14736842105263,34.49473684210526,23.42105263157895
82,37.189473684210526,50.54736842105263,60.473684210526315,31.926315789473684,40.17894736842105,32.09473684210526,24.010526315789473
83,34.43157894736842,47.50526315789474,60.85263157894737,32.92631578947368,38.28421052631579,29.621052631578948,24.526315789473685
84,31.094736842105263,45.10526315789474,63.810526315789474,34.578947368421055,37.06315789473684,27.68421052631579,24.757894736842104
85,32.62105263157895,46.01052631578948,65.73684210526316,32.94736842105263,38.747368421052634,28.42105263157895,25.83157894736842
86,31.305263157894736,45.14736842105263,67.6421052631579,35.1578947368421,38.43157894736842,28.63157894736842,26.51578947368421
87,30.105263157894736,43.02105263157895,68.86315789473684,35.26315789473684,37.23157894736842,26.442105263157895,26.042105263157893
88,29.28421052631579,42.17894736842105,69.91578947368421,37.242105263157896,35.97894736842105,26.873684210526317,26.13684210526316
89,31.25263157894737,43.66315789473684,71.12631578947368,36.589473684210525,36.747368421052634,26.178947368421053,27.33684210526316
90,31.357894736842105,42.873684210526314,72.66315789473684,38.98947368421052,39.38947368421053,26.88421052631579,29.242105263157896
91,31.02127659574468,42.57446808510638,75.04255319148936,40.0531914893617,38.43617021276596,26.627659574468087,28.085106382978722
92,31.074468085106382,42.861702127659576,75.06382978723404,41.3936170212766,39.329787234042556,28.148936170212767,29.03191489361702
93,32.92553191489362,45.08510638297872,75.70212765957447,43.265957446808514,43.223404255319146,30.340425531914892,31.4468085106383
94,33.02150537634409,44.354838709677416,77.60215053763442,42.87096774193548,42.82795698924731,30.397849462365592,31.50537634408602
95,32.49473684210526,44.44210526315789,75.65263157894736,41.22105263157895,41.03157894736842,28.66315789473684,30.557894736842105
96,32.10526315789474,44.4,76.96842105263158,43.07368421052632,41.863157894736844,28.789473684210527,31.473684210526315
97,32.265957446808514,46.54255319148936,76.80851063829788,41.840425531914896,40.08510638297872,29.26595744680851,31.27659574468085
98,33.2,45.09473684210526,79.96842105263158,43.78947368421053,41.77894736842105,29.49473684210526,34.6
99,32.68421052631579,44.93684210526316,82.27368421052631,46.242105263157896,39.37894736842105,28.357894736842105,36.526315789473685
100,32.8421052631579,44.810526315789474,82.53684210526316,47.084210526315786,42.03157894736842,30.49473684210526,35.16842105263158
101,35.36842105263158,47.705263157894734,88.49473684210527,51.02105263157895,41.01052631578948,31.221052631578946,36.084210526315786
102,33.02105263157895,45.305263157894736,87.73684210526316,49.6,41.32631578947368,31.86315789473684,37.22105263157895
103,34.863157894736844,47.421052631578945,86.84210526315789,51.50526315789474,42.02105263157895,34.136842105263156,40.65263157894737
104,33.93684210526316,48.62105263157895,85.03157894736842,50.473684210526315,41.747368421052634,33.526315789473685,42.421052631578945
105,32.747368421052634,47.51578947368421,94.15789473684211,56.27368421052632,43.252631578947366,36.136842105263156,45.78947368421053
106,29.46875,46.125,98.42708333333333,57.854166666666664,44.916666666666664,39.020833333333336,48.875
107,28.375,49.916666666666664,102.5,63.166666666666664,46.270833333333336,38.875,51.791666666666664
108,27.510416666666668,47.979166666666664,103.41666666666667,62.583333333333336,44.760416666666664,38.708333333333336,55.197916666666664
109,26.688172043010752,48.41935483870968,105.88172043010752,65.79569892473118,44.505376344086024,37.18279569892473,56.12903225806452
110,25.68421052631579,45.49473684210526,103.71578947368421,67.72631578947369,43.95789473684211,36.44210526315789,59.136842105263156
111,25.208333333333332,42.5625,105.40625,75.48958333333333,43.71875,34.8125,57.8125
112,25.604166666666668,40.645833333333336,91.73958333333333,75.25,44.739583333333336,34.708333333333336,55.78125
113,25.447916666666668,38.885416666666664,87.94791666666667,73.875,43.395833333333336,32.729166666666664,59.385416666666664
114,24.145833333333332,37.729166666666664,78.3125,62.541666666666664,44.635416666666664,33.09375,55.833333333333336
115,25.625,36.4375,76.36458333333333,53.677083333333336,41.541666666666664,31.583333333333332,54.40625
116,26.270833333333332,35.458333333333336,74.09375,44.052083333333336,38.104166666666664,28.458333333333332,52.875
117,26.15625,34.177083333333336,63.135416666666664,33.729166666666664,34.302083333333336,25.552083333333332,44.229166666666664
118,27.59375,35.729166666666664,54.635416666666664,28.5625,33.166666666666664,23.885416666666668,37.5625
119,30.652631578947368,35.536842105263155,57.526315789473685,28.42105263157895,33.82105263157895,21.25263157894737,35.8421052631579
120,27.178947368421053,33.93684210526316,52.536842105263155,25.53684210526316,33.54736842105263,20.4,33.06315789473684
121,27.842105263157894,33.65263157894737,48.6,23.736842105263158,29.83157894736842,16.810526315789474,27.894736842105264
122,22.708333333333332,28.302083333333332,49.760416666666664,24.0,29.322916666666668,15.53125,25.447916666666668
123,22.416666666666668,29.21875,48.416666666666664,25.989583333333332,27.875,14.770833333333334,22.052083333333332
124,19.614583333333332,25.791666666666668,46.895833333333336,25.239583333333332,25.96875,14.083333333333334,22.5625
125,19.326315789473686,23.71578947368421,44.93684210526316,24.873684210526317,24.094736842105263,12.852631578947369,21.105263157894736
126,17.833333333333332,23.333333333333332,44.5,23.302083333333332,22.90625,11.979166666666666,19.28125
127,17.145833333333332,21.875,42.260416666666664,22.114583333333332,23.197916666666668,11.541666666666666,18.145833333333332
128,16.458333333333332,22.104166666666668,43.885416666666664,22.1875,22.03125,11.59375,19.15625
129,15.96875,20.927083333333332,43.03125,21.6875,21.114583333333332,11.020833333333334,18.135416666666668
130,16.0625,21.947916666666668,44.364583333333336,22.833333333333332,21.1875,11.479166666666666,20.385416666666668
131,16.416666666666668,20.8125,41.875,21.5,20.010416666666668,11.552083333333334,18.84375
132,16.260416666666668,20.354166666666668,41.072916666666664,21.052083333333332,20.802083333333332,10.90625,17.458333333333332
133,14.6875,18.333333333333332,36.239583333333336,20.760416666666668,19.395833333333332,11.25,14.28125
134,12.59375,15.802083333333334,34.125,18.260416666666668,16.71875,9.71875,12.833333333333334
135,10.666666666666666,13.8125,30.552083333333332,17.052083333333332,16.041666666666668,8.760416666666666,12.28125
136,10.020833333333334,12.270833333333334,27.854166666666668,16.614583333333332,15.572916666666666,8.666666666666666,10.833333333333334
137,8.157894736842104,9.936842105263159,24.042105263157893,14.2,15.326315789473684,8.789473684210526,9.926315789473684
138,6.326315789473684,7.494736842105263,20.210526315789473,12.936842105263159,12.6,7.726315789473684,8.147368421052631
139,5.427083333333333,6.4375,17.822916666666668,11.447916666666666,12.3125,6.145833333333333,6.489583333333333
140,4.8,5.326315789473684,15.715789473684211,10.873684210526315,12.031578947368422,6.010526315789473,4.578947368421052
141,4.340425531914893,4.648936170212766,13.27659574468085,9.340425531914894,10.159574468085106,4.968085106382978,4.24468085106383
142,3.627659574468085,3.893617021276596,12.319148936170214,8.808510638297872,9.340425531914894,4.223404255319149,3.1914893617021276
143,3.148936170212766,3.5638297872340425,10.446808510638299,7.829787234042553,8.01063829787234,3.851063829787234,2.574468085106383
144,2.5425531914893615,2.8297872340425534,8.648936170212766,6.861702127659575,7.138297872340425,3.25531914893617,2.4148936170212765
145,2.0416666666666665,2.2708333333333335,7.78125,6.25,5.854166666666667,3.2604166666666665,2.375
146,1.6041666666666667,1.8645833333333333,6.927083333333333,6.020833333333333,5.21875,2.7083333333333335,1.5104166666666667
147,1.46875,1.8333333333333333,7.104166666666667,6.104166666666667,5.604166666666667,2.7083333333333335,1.5416666666666667
148,1.4895833333333333,1.9270833333333333,6.197916666666667,5.302083333333333,4.541666666666667,2.25,1.2291666666666667
149,1.625,2.2083333333333335,4.833333333333333,4.020833333333333,3.90625,2.25,0.9895833333333334
150,1.6354166666666667,1.9375,5.510416666666667,3.8125,3.8333333333333335,1.9270833333333333,0.9166666666666666
151,1.4945054945054945,1.7252747252747254,4.824175824175824,3.868131868131868,3.5054945054945055,2.087912087912088,1.098901098901099
152,1.6458333333333333,1.7083333333333333,4.239583333333333,3.7083333333333335,3.53125,2.03125,0.8020833333333334
153,1.5833333333333333,1.84375,4.333333333333333,3.4479166666666665,3.125,1.8958333333333333,0.875
154,1.9166666666666667,2.0625,4.09375,3.3541666666666665,3.84375,2.1041666666666665,0.9583333333333334
155,1.9583333333333333,2.0104166666666665,5.15625,3.9375,3.0,1.8333333333333333,0.8854166666666666
156,2.2708333333333335,2.9375,5.1875,3.6145833333333335,2.9375,1.5416666666666667,0.8541666666666666
157,2.8020833333333335,3.3333333333333335,6.791666666666667,4.427083333333333,4.020833333333333,1.8541666666666667,0.8020833333333334
158,4.166666666666667,4.677083333333333,9.697916666666666,5.65625,5.552083333333333,3.3020833333333335,1.3333333333333333
159,5.645833333333333,6.885416666666667,13.083333333333334,7.885416666666667,5.489583333333333,3.4479166666666665,1.8020833333333333
160,8.03125,9.291666666666666,17.916666666666668,10.760416666666666,5.291666666666667,3.8645833333333335,2.21875
161,12.427083333333334,13.9375,28.28125,14.114583333333334,7.333333333333333,5.041666666666667,2.2291666666666665
162,14.354166666666666,15.895833333333334,33.729166666666664,20.09375,10.28125,6.770833333333333,3.5
163,21.322916666666668,19.145833333333332,37.875,20.40625,10.604166666666666,6.239583333333333,6.96875
164,27.333333333333332,24.479166666666668,43.104166666666664,21.708333333333332,13.8125,12.375,8.333333333333334
165,33.864583333333336,36.34375,46.135416666666664,22.145833333333332,20.697916666666668,19.458333333333332,9.927083333333334
166,39.177083333333336,49.489583333333336,50.5,25.010416666666668,26.864583333333332,29.854166666666668,12.125
167,40.4,48.694736842105264,49.357894736842105,24.063157894736843,22.86315789473684,28.31578947368421,11.473684210526315
168,45.895833333333336,54.708333333333336,56.0,28.020833333333332,25.229166666666668,30.041666666666668,14.322916666666666
169,54.979166666666664,65.30208333333333,58.145833333333336,30.708333333333332,28.791666666666668,35.635416666666664,15.854166666666666
170,61.708333333333336,69.42708333333333,62.572916666666664,32.4375,32.770833333333336,43.375,20.229166666666668
171,69.63541666666667,68.41666666666667,64.77083333333333,34.71875,33.322916666666664,39.354166666666664,24.895833333333332
172,67.0,74.875,66.08333333333333,34.541666666666664,35.78125,39.645833333333336,28.0
173,65.19791666666667,78.75,64.26041666666667,34.885416666666664,36.666666666666664,37.5,24.010416666666668
174,50.041666666666664,59.020833333333336,60.833333333333336,34.78125,37.572916666666664,38.34375,25.427083333333332
175,50.822916666666664,56.03125,59.15625,30.885416666666668,37.614583333333336,36.09375,23.489583333333332
176,40.15625,51.072916666666664,60.854166666666664,33.385416666666664,36.9375,33.395833333333336,23.90625
177,38.895833333333336,51.052083333333336,61.0625,31.864583333333332,39.510416666666664,29.770833333333332,23.791666666666668
178,36.75,49.125,62.239583333333336,31.739583333333332,39.239583333333336,30.791666666666668,24.4375
179,35.270833333333336,46.28125,63.895833333333336,33.239583333333336,36.947916666666664,28.6875,23.479166666666668
180,33.552083333333336,45.854166666666664,66.35416666666667,32.4375,37.614583333333336,28.770833333333332,26.239583333333332
181,33.822916666666664,46.364583333333336,69.19791666666667,33.739583333333336,38.166666666666664,27.5,25.697916666666668
182,31.625,43.572916666666664,71.42708333333333,35.4375,39.135416666666664,28.010416666666668,28.135416666666668
183,32.072916666666664,43.364583333333336,71.08333333333333,38.229166666666664,37.510416666666664,24.291666666666668,27.59375
184,32.96875,45.791666666666664,74.01041666666667,38.34375,38.791666666666664,26.041666666666668,29.666666666666668
185,34.21875,46.875,74.5625,39.302083333333336,39.583333333333336,27.583333333333332,30.416666666666668
186,34.0,47.322916666666664,79.125,42.052083333333336,40.5625,28.989583333333332,33.6875
187,34.75,46.6875,80.51041666666667,42.958333333333336,40.177083333333336,28.260416666666668,33.833333333333336
188,35.041666666666664,49.854166666666664,77.11458333333333,43.802083333333336,42.427083333333336,30.166666666666668,31.270833333333332
189,38.875,50.510416666666664,77.66666666666667,44.291666666666664,44.177083333333336,32.4375,33.020833333333336
190,35.50526315789474,48.27368421052632,80.22105263157894,44.863157894736844,43.126315789473686,32.68421052631579,35.705263157894734
191,37.265957446808514,46.212765957446805,79.92553191489361,44.54255319148936,41.96808510638298,32.255319148936174,34.09574468085106
192,36.32631578947368,47.96842105263158,79.45263157894736,43.78947368421053,44.71578947368421,32.10526315789474,34.31578947368421
193,35.94736842105263,50.26315789473684,79.66315789473684,44.51578947368421,44.92631578947368,31.91578947368421,34.28421052631579
194,36.810526315789474,48.95789473684211,79.7578947368421,44.705263157894734,43.21052631578947,31.263157894736842,35.242105263157896
195,34.084210526315786,47.23157894736842,82.23157894736842,46.357894736842105,41.463157894736845,30.473684210526315,37.67368421052632
196,34.06315789473684,46.34736842105263,87.89473684210526,49.97894736842105,42.10526315789474,31.347368421052632,35.67368421052632
197,39.191489361702125,47.787234042553195,88.92553191489361,49.03191489361702,43.840425531914896,30.595744680851062,36.42553191489362
198,36.04210526315789,46.38947368421053,86.76842105263158,50.78947368421053,44.56842105263158,32.51578947368421,38.21052631578947
199,35.01075268817204,48.086021505376344,88.36559139784946,53.03225806451613,43.44086021505376,33.69892473118279,41.03225806451613
200,34.680851063829785,49.91489361702128,89.37234042553192,52.6063829787234,45.276595744680854,34.6063829787234,43.265957446808514
201,34.244680851063826,48.861702127659576,95.56382978723404,58.57446808510638,45.351063829787236,37.04255319148936,45.96808510638298
202,32.52127659574468,47.638297872340424,98.87234042553192,60.180851063829785,46.351063829787236,39.01063829787234,49.351063829787236
203,31.393617021276597,54.351063829787236,102.82978723404256,61.744680851063826,47.41489361702128,38.234042553191486,51.329787234042556
204,30.617021276595743,51.43617021276596,101.02127659574468,62.797872340425535,48.265957446808514,38.97872340425532,54.191489361702125
205,29.978494623655912,49.39784946236559,105.38709677419355,62.86021505376344,46.473118279569896,36.344086021505376,55.666666666666664
206,28.606382978723403,45.59574468085106,101.62765957446808,63.670212765957444,45.797872340425535,36.02127659574468,57.712765957446805
207,28.02127659574468,42.41489361702128,104.26595744680851,68.70212765957447,44.148936170212764,34.95744680851064,56.08510638297872
208,28.851063829787233,43.319148936170215,97.8936170212766,64.40425531914893,45.287234042553195,34.680851063829785,55.276595744680854
209,28.138297872340427,42.02127659574468,88.57446808510639,57.5531914893617,44.02127659574468,33.180851063829785,56.680851063829785
210,25.79787234042553,38.723404255319146,83.53191489361703,49.88297872340426,41.265957446808514,30.840425531914892,55.91489361702128
211,27.25263157894737,37.61052631578947,74.78947368421052,43.83157894736842,41.705263157894734,32.242105263157896,52.357894736842105
212,26.66315789473684,34.589473684210525,69.43157894736842,37.242105263157896,38.50526315789474,27.905263157894737,49.34736842105263
213,26.852631578947367,33.16842105263158,59.02105263157895,31.157894736842106,34.55789473684211,23.305263157894736,42.01052631578948
214,25.6,32.38947368421053,55.136842105263156,27.842105263157894,33.94736842105263,23.526315789473685,37.14736842105263
215,26.694736842105264,34.83157894736842,53.96842105263158,27.31578947368421,35.578947368421055,21.8,37.27368421052632
216,25.957894736842107,34.68421052631579,51.65263157894737,25.526315789473685,32.49473684210526,20.305263157894736,29.926315789473684
217,24.357894736842105,32.23157894736842,52.61052631578947,24.905263157894737,30.25263157894737,17.105263157894736,29.305263157894736
218,25.083333333333332,30.708333333333332,50.9375,24.104166666666668,28.458333333333332,15.760416666666666,26.572916666666668
219,24.28125,30.416666666666668,51.052083333333336,26.708333333333332,28.020833333333332,14.5,22.34375
220,21.78125,28.541666666666668,48.802083333333336,25.489583333333332,25.833333333333332,13.90625,22.770833333333332
221,19.354166666666668,25.395833333333332,45.364583333333336,24.447916666666668,25.770833333333332,12.510416666666666,19.927083333333332
222,16.979166666666668,23.177083333333332,42.114583333333336,23.041666666666668,25.510416666666668,12.5625,18.6875
223,16.768421052631577,22.410526315789475,44.410526315789475,23.33684210526316,23.25263157894737,12.08421052631579,19.273684210526316
224,15.5625,21.020833333333332,46.166666666666664,23.708333333333332,22.15625,11.447916666666666,20.28125
225,16.572916666666668,21.979166666666668,44.125,22.958333333333332,22.260416666666668,12.052083333333334,18.875
226,17.604166666666668,23.604166666666668,45.03125,23.25,21.09375,11.354166666666666,19.989583333333332
227,17.541666666666668,23.270833333333332,44.9375,22.40625,21.46875,11.802083333333334,19.927083333333332
228,16.645833333333332,22.760416666666668,44.052083333333336,21.40625,21.395833333333332,11.677083333333334,17.84375
229,13.9375,18.479166666666668,40.479166666666664,20.572916666666668,19.322916666666668,12.166666666666666,14.96875
230,14.822916666666666,18.010416666666668,40.260416666666664,21.552083333333332,17.822916666666668,10.270833333333334,13.166666666666666
231,12.427083333333334,14.78125,33.927083333333336,18.552083333333332,16.416666666666668,9.302083333333334,12.197916666666666
232,9.802083333333334,11.9375,28.09375,16.354166666666668,15.71875,9.302083333333334,11.927083333333334
233,8.51578947368421,10.326315789473684,25.926315789473684,15.51578947368421,14.778947368421052,8.147368421052631,9.48421052631579
234,6.378947368421053,7.989473684210527,21.71578947368421,13.336842105263157,13.821052631578947,7.831578947368421,8.43157894736842
235,5.585106382978723,6.680851063829787,18.46808510638298,12.76595744680851,13.372340425531915,6.968085106382978,6.904255319148936
236,4.447916666666667,5.15625,16.4375,10.822916666666666,11.854166666666666,6.291666666666667,5.510416666666667
237,3.7083333333333335,4.416666666666667,15.375,10.572916666666666,10.625,5.572916666666667,4.354166666666667
238,3.3085106382978724,3.9680851063829787,12.180851063829786,9.042553191489361,9.351063829787234,5.0638297872340425,3.627659574468085
239,2.8297872340425534,3.3085106382978724,10.361702127659575,8.042553191489361,8.03191489361702,3.9468085106382977,2.6914893617021276
240,2.778947368421053,3.210526315789474,10.43157894736842,8.010526315789473,7.052631578947368,3.6,2.136842105263158
241,2.1789473684210527,2.7263157894736842,8.989473684210527,6.852631578947369,6.431578947368421,3.705263157894737,2.557894736842105
242,2.4210526315789473,2.6526315789473682,7.936842105263158,6.389473684210526,5.842105263157895,2.957894736842105,1.8842105263157896
243,1.8421052631578947,2.1789473684210527,7.326315789473684,6.252631578947368,5.294736842105263,3.168421052631579,1.5894736842105264
244,1.4631578947368422,1.9894736842105263,5.7894736842105265,5.157894736842105,4.557894736842106,2.0842105263157893,1.2947368421052632
245,1.768421052631579,2.294736842105263,5.042105263157895,4.221052631578948,4.431578947368421,2.168421052631579,1.2
246,1.8854166666666667,2.0729166666666665,5.479166666666667,4.041666666666667,4.020833333333333,1.9895833333333333,1.0520833333333333
247,1.511111111111111,1.8444444444444446,5.188888888888889,3.8777777777777778,3.188888888888889,1.8444444444444446,0.9111111111111111
248,1.6105263157894736,1.7052631578947368,4.557894736842106,3.7263157894736842,3.6526315789473682,2.136842105263158,0.9368421052631579
249,1.46875,1.9270833333333333,4.84375,3.6041666666666665,3.28125,1.9895833333333333,1.03125
250,1.9791666666666667,2.2291666666666665,4.166666666666667,3.4166666666666665,3.6041666666666665,2.1458333333333335,0.9479166666666666
251,2.09375,2.3645833333333335,5.416666666666667,4.010416666666667,3.1770833333333335,1.9791666666666667,0.8958333333333334
252,2.4270833333333335,3.1770833333333335,5.083333333333333,3.8854166666666665,3.3125,1.8125,0.8333333333333334
253,3.25,3.84375,7.135416666666667,4.552083333333333,3.9791666666666665,2.0833333333333335,0.96875
254,4.322916666666667,4.625,9.114583333333334,5.760416666666667,5.520833333333333,3.4375,1.3333333333333333
255,5.916666666666667,6.84375,12.791666666666666,7.395833333333333,5.40625,3.5104166666666665,1.6458333333333333
256,8.979166666666666,9.666666666666666,18.666666666666668,11.020833333333334,5.395833333333333,3.8125,2.53125
257,12.59375,14.03125,26.90625,14.729166666666666,6.677083333333333,4.739583333333333,1.8541666666666667
258,14.40625,15.6875,32.854166666666664,19.427083333333332,10.3125,6.375,3.6458333333333335
259,21.09375,18.427083333333332,39.427083333333336,20.5625,9.635416666666666,5.677083333333333,6.083333333333333
260,27.0,25.197916666666668,42.46875,21.552083333333332,13.895833333333334,12.458333333333334,8.604166666666666
261,34.010416666666664,36.71875,46.333333333333336,23.333333333333332,20.677083333333332,20.5,9.614583333333334
262,42.5625,50.833333333333336,51.145833333333336,25.635416666666668,27.729166666666668,32.041666666666664,12.322916666666666
263,42.59375,46.791666666666664,52.208333333333336,26.083333333333332,23.15625,28.90625,10.052083333333334
264,46.083333333333336,55.052083333333336,55.677083333333336,28.916666666666668,25.427083333333332,32.375,12.979166666666666
265,55.979166666666664,68.85416666666667,59.125,30.6875,30.0,39.958333333333336,16.333333333333332
266,60.583333333333336,71.5625,64.04166666666667,35.270833333333336,33.541666666666664,44.135416666666664,22.010416666666668
267,71.375,72.51041666666667,65.84375,34.416666666666664,35.739583333333336,43.802083333333336,24.770833333333332
268,75.375,75.35416666666667,67.8125,36.479166666666664,37.041666666666664,44.291666666666664,27.520833333333332
269,72.60416666666667,86.54166666666667,64.13541666666667,36.291666666666664,40.291666666666664,43.260416666666664,23.208333333333332
270,54.302083333333336,68.66666666666667,63.1875,39.104166666666664,40.5,42.072916666666664,25.875
271,54.489583333333336,61.177083333333336,60.270833333333336,35.052083333333336,39.770833333333336,39.322916666666664,22.53125
272,48.25,56.25,66.27083333333333,38.885416666666664,43.197916666666664,39.333333333333336,24.697916666666668
273,42.489583333333336,53.822916666666664,63.458333333333336,36.0,43.510416666666664,35.229166666666664,26.020833333333332
274,37.947916666666664,50.229166666666664,64.32291666666667,35.25,42.708333333333336,33.75,26.46875
275,35.78125,48.395833333333336,64.59375,36.09375,41.229166666666664,31.53125,25.84375
276,33.947916666666664,46.53125,65.125,34.34375,39.572916666666664,28.677083333333332,27.114583333333332
277,32.55789473684211,48.252631578947366,66.10526315789474,34.77894736842105,39.536842105263155,29.652631578947368,27.305263157894736
278,32.0531914893617,45.51063829787234,70.5,36.59574468085106,42.1063829787234,28.393617021276597,29.085106382978722
279,30.526315789473685,44.49473684210526,72.07368421052631,38.473684210526315,38.76842105263158,26.263157894736842,28.50526315789474
280,31.178947368421053,45.694736842105264,72.06315789473685,38.578947368421055,38.136842105263156,27.736842105263158,28.263157894736842
281,31.147368421052633,46.51578947368421,72.58947368421053,39.705263157894734,40.73684210526316,28.526315789473685,27.873684210526317
282,32.126315789473686,44.32631578947368,74.76842105263158,41.16842105263158,40.56842105263158,29.11578947368421,31.021052631578947
283,31.263157894736842,45.747368421052634,77.90526315789474,42.26315789473684,40.1578947368421,30.442105263157895,31.03157894736842
284,31.852631578947367,46.71578947368421,77.72631578947369,45.33684210526316,42.17894736842105,30.54736842105263,31.231578947368423
285,32.98947368421052,48.07368421052632,77.46315789473684,46.189473684210526,42.4,31.88421052631579,31.568421052631578
286,34.07368421052632,45.90526315789474,78.16842105263157,44.89473684210526,45.02105263157895,32.863157894736844,31.894736842105264
287,34.5625,45.6875,79.48958333333333,46.083333333333336,43.395833333333336,30.427083333333332,32.03125
288,31.885416666666668,46.4375,79.47916666666667,45.90625,45.104166666666664,30.90625,32.479166666666664
289,33.625,47.635416666666664,80.44791666666667,46.5625,44.854166666666664,31.166666666666668,31.125
290,33.68421052631579,48.05263157894737,80.9578947368421,45.50526315789474,43.34736842105263,30.71578947368421,34.04210526315789
291,34.37894736842105,45.56842105263158,83.98947368421052,48.61052631578947,42.757894736842104,32.126315789473686,37.0
292,34.11578947368421,45.863157894736844,87.29473684210527,51.56842105263158,41.82105263157895,31.326315789473686,36.97894736842105
293,36.239583333333336,48.135416666666664,91.1875,53.9375,43.0,31.520833333333332,37.208333333333336
294,36.114583333333336,46.416666666666664,88.54166666666667,53.666666666666664,42.020833333333336,33.520833333333336,37.270833333333336
295,35.244680851063826,48.47872340425532,88.91489361702128,54.287234042553195,42.5531914893617,35.340425531914896,40.255319148936174
296,34.94736842105263,48.90526315789474,89.72631578947369,53.873684210526314,42.51578947368421,34.810526315789474,41.757894736842104
297,31.821052631578947,50.51578947368421,96.27368421052631,57.873684210526314,46.62105263157895,38.27368421052632,47.82105263157895
298,29.833333333333332,47.302083333333336,98.70833333333333,61.552083333333336,47.166666666666664,39.03125,50.34375
299,29.46875,50.614583333333336,103.55208333333333,64.97916666666667,47.135416666666664,39.541666666666664,50.90625
300,28.604166666666668,48.802083333333336,103.4375,64.97916666666667,47.875,38.552083333333336,52.427083333333336
301,27.302083333333332,46.729166666666664,105.25,67.125,45.635416666666664,36.8125,55.677083333333336
302,27.28125,44.6875,105.48958333333333,69.78125,44.28125,36.572916666666664,57.177083333333336
303,26.395833333333332,43.229166666666664,110.65625,74.78125,44.427083333333336,35.145833333333336,58.1875
304,28.041666666666668,44.760416666666664,101.375,73.33333333333333,46.291666666666664,36.03125,56.0625
305,27.28125,41.989583333333336,95.66666666666667,67.22916666666667,45.979166666666664,33.604166666666664,58.739583333333336
306,24.8125,38.375,87.08333333333333,62.9375,45.65625,34.5625,55.854166666666664
307,27.770833333333332,38.614583333333336,77.17708333333333,56.21875,43.541666666666664,32.71875,52.354166666666664
308,27.75,38.270833333333336,72.95833333333333,48.34375,43.25,31.46875,51.458333333333336
309,29.885416666666668,38.666666666666664,66.53125,36.614583333333336,39.03125,27.333333333333332,46.802083333333336
310,26.59375,35.822916666666664,60.447916666666664,31.9375,36.927083333333336,25.25,41.40625
311,30.242105263157896,36.89473684210526,61.8421052631579,31.51578947368421,37.77894736842105,23.36842105263158,38.44210526315789
312,27.8125,36.71875,54.854166666666664,28.875,36.822916666666664,21.927083333333332,33.09375
313,29.052083333333332,33.145833333333336,52.614583333333336,27.260416666666668,33.53125,19.40625,29.333333333333332
314,23.375,30.21875,55.333333333333336,26.96875,32.84375,17.760416666666668,27.197916666666668
315,24.229166666666668,31.416666666666668,54.75,29.052083333333332,30.291666666666668,16.114583333333332,25.791666666666668
316,21.625,28.1875,57.145833333333336,29.260416666666668,28.447916666666668,14.302083333333334,24.052083333333332
317,20.5,26.5625,51.197916666666664,26.625,25.854166666666668,14.0,23.166666666666668
318,19.0,25.041666666666668,49.135416666666664,26.270833333333332,25.666666666666668,13.604166666666666,20.010416666666668
319,18.270833333333332,23.854166666666668,53.0625,27.427083333333332,24.114583333333332,12.78125,21.21875
320,17.53125,22.739583333333332,51.40625,27.5,24.375,12.541666666666666,21.6875
321,16.96875,22.84375,48.260416666666664,25.385416666666668,22.927083333333332,12.041666666666666,19.354166666666668
322,16.197916666666668,21.510416666666668,47.09375,24.15625,22.125,12.375,20.25
323,16.927083333333332,21.697916666666668,46.375,23.458333333333332,22.09375,12.5625,19.302083333333332
324,15.84375,20.791666666666668,44.395833333333336,23.385416666666668,21.864583333333332,12.541666666666666,17.875
325,14.958333333333334,20.208333333333332,42.489583333333336,23.375,19.885416666666668,11.229166666666666,14.604166666666666
326,13.757894736842106,17.48421052631579,42.536842105263155,23.789473684210527,18.50526315789474,10.56842105263158,13.694736842105263
327,11.28125,13.833333333333334,36.260416666666664,20.520833333333332,18.28125,10.427083333333334,14.4375
328,10.302083333333334,12.552083333333334,31.833333333333332,18.53125,16.1875,10.6875,13.895833333333334
329,9.073684210526316,11.23157894736842,29.157894736842106,17.063157894736843,16.48421052631579,10.410526315789474,13.284210526315789
330,7.221052631578948,8.926315789473684,24.45263157894737,14.56842105263158,15.557894736842105,8.673684210526316,10.473684210526315
331,6.15625,7.40625,22.3125,14.3125,14.125,8.135416666666666,7.927083333333333
332,5.385416666666667,5.927083333333333,18.625,12.614583333333334,13.104166666666666,7.260416666666667,5.760416666666667
333,4.583333333333333,5.354166666666667,16.145833333333332,11.458333333333334,11.447916666666666,6.114583333333333,4.71875
334,4.031578947368421,4.631578947368421,14.063157894736841,10.410526315789474,10.378947368421052,4.778947368421052,3.536842105263158
335,4.28421052631579,4.652631578947369,11.978947368421053,8.789473684210526,8.957894736842105,4.094736842105263,2.8947368421052633
336,3.15625,3.6041666666666665,10.260416666666666,8.03125,8.15625,3.6770833333333335,2.5104166666666665
337,2.8020833333333335,3.2708333333333335,9.739583333333334,7.625,7.3125,4.145833333333333,2.8020833333333335
338,2.6458333333333335,2.75,8.114583333333334,6.489583333333333,6.34375,3.0625,1.8645833333333333
339,1.9791666666666667,2.2395833333333335,7.979166666666667,6.114583333333333,5.958333333333333,3.0729166666666665,1.71875
340,2.1145833333333335,2.3854166666666665,7.166666666666667,6.0625,4.9375,2.7395833333333335,1.6145833333333333
341,2.03125,2.6770833333333335,7.447916666666667,6.28125,4.989583333333333,2.7291666666666665,1.4166666666666667
342,2.5833333333333335,2.90625,6.260416666666667,4.75,4.083333333333333,2.15625,1.1354166666666667
343,2.2333333333333334,2.466666666666667,6.5777777777777775,5.266666666666667,4.011111111111111,2.3666666666666667,1.1555555555555554
344,2.0833333333333335,2.375,5.864583333333333,4.78125,3.9166666666666665,2.25,0.9791666666666666
345,2.463157894736842,2.694736842105263,5.894736842105263,4.347368421052631,3.9157894736842107,2.463157894736842,1.0315789473684212
346,2.2,2.2736842105263158,5.2105263157894735,3.9368421052631577,3.9368421052631577,2.6,1.0210526315789474
347,2.5833333333333335,2.96875,6.25,4.489583333333333,3.75,2.3020833333333335,1.1145833333333333
348,2.9894736842105263,3.7473684210526317,5.894736842105263,4.273684210526316,4.010526315789473,2.1578947368421053,1.0315789473684212
349,3.6842105263157894,4.315789473684211,7.768421052631579,5.231578947368421,4.431578947368421,2.6842105263157894,1.2210526315789474
350,4.726315789473684,5.378947368421053,9.852631578947369,6.010526315789473,6.757894736842105,3.8105263157894735,1.5157894736842106
351,6.2105263157894735,7.231578947368421,13.094736842105263,8.052631578947368,6.042105263157895,3.5894736842105264,1.8105263157894738
352,8.51578947368421,9.673684210526316,18.294736842105262,10.926315789473684,6.747368421052632,3.8526315789473684,2.168421052631579
353,13.094736842105263,14.021052631578947,26.852631578947367,14.25263157894737,7.863157894736842,5.505263157894737,2.2526315789473683
354,13.221052631578948,15.25263157894737,32.50526315789474,18.526315789473685,10.378947368421052,6.842105263157895,3.957894736842105
355,17.589473684210525,17.210526315789473,38.17894736842105,19.189473684210526,9.778947368421052,5.2105263157894735,5.705263157894737
356,23.66315789473684,22.46315789473684,41.8421052631579,20.557894736842105,14.063157894736841,10.410526315789474,7.684210526315789
357,29.13684210526316,34.642105263157895,44.32631578947368,21.357894736842105,19.33684210526316,17.221052631578946,8.968421052631578
358,35.03157894736842,47.23157894736842,47.49473684210526,22.810526315789474,24.789473684210527,28.378947368421052,11.463157894736842
359,34.126315789473686,40.8421052631579,46.72631578947368,22.74736842105263,22.726315789473684,25.073684210526316,9.652631578947368
360,38.09473684210526,47.33684210526316,53.06315789473684,26.66315789473684,23.105263157894736,28.010526315789473,12.305263157894737
361,49.01052631578948,58.536842105263155,55.55789473684211,27.442105263157895,28.273684210526316,34.36842105263158,15.578947368421053
362,51.747368421052634,61.252631578947366,58.421052631578945,29.51578947368421,34.16842105263158,40.410526315789475,22.705263157894738
363,64.74736842105263,62.38947368421053,64.81052631578947,33.4,33.65263157894737,35.94736842105263,26.16842105263158
364,66.82105263157895,65.96842105263158,67.26315789473684,34.242105263157896,37.04210526315789,38.78947368421053,30.08421052631579
365,64.86315789473684,74.11578947368422,62.694736842105264,35.04210526315789,37.01052631578948,37.642105263157895,26.063157894736843
366,48.802083333333336,59.65625,63.4375,36.333333333333336,37.875,37.333333333333336,28.072916666666668
367,48.5,55.208333333333336,57.90625,32.15625,36.8125,35.09375,25.270833333333332
368,41.76842105263158,51.50526315789474,65.29473684210527,36.14736842105263,38.09473684210526,32.0,28.13684210526316
369,40.645833333333336,50.572916666666664,64.5625,33.53125,39.96875,30.71875,26.479166666666668
370,40.895833333333336,50.885416666666664,66.08333333333333,33.46875,41.260416666666664,30.885416666666668,28.395833333333332
371,37.572916666666664,49.364583333333336,67.69791666666667,35.9375,39.041666666666664,28.958333333333332,27.614583333333332
372,35.46875,48.322916666666664,69.72916666666667,36.239583333333336,40.114583333333336,28.333333333333332,27.989583333333332
373,35.614583333333336,49.666666666666664,72.04166666666667,37.010416666666664,41.125,29.114583333333332,27.166666666666668
374,35.333333333333336,48.822916666666664,74.36458333333333,40.0625,43.260416666666664,30.083333333333332,31.0625
375,35.88421052631579,45.98947368421052,74.89473684210526,39.8421052631579,40.45263157894737,28.589473684210525,30.042105263157893
376,34.53125,46.677083333333336,75.45833333333333,41.770833333333336,41.010416666666664,30.239583333333332,31.895833333333332
377,36.947916666666664,50.645833333333336,76.9375,41.75,41.895833333333336,28.770833333333332,31.0625
378,37.072916666666664,48.416666666666664,79.86458333333333,43.385416666666664,42.947916666666664,30.916666666666668,33.708333333333336
379,36.302083333333336,48.697916666666664,81.375,45.625,42.354166666666664,31.145833333333332,35.270833333333336
380,37.757894736842104,49.62105263157895,82.4421052631579,47.421052631578945,45.305263157894736,33.31578947368421,36.126315789473686
381,37.473684210526315,49.65263157894737,82.4421052631579,47.694736842105264,46.252631578947366,32.90526315789474,38.03157894736842
382,40.26315789473684,49.43157894736842,83.4,47.88421052631579,47.14736842105263,34.82105263157895,39.06315789473684
383,37.989583333333336,47.739583333333336,83.78125,48.927083333333336,44.416666666666664,32.291666666666664,36.708333333333336
384,37.5625,50.40625,84.25,48.291666666666664,46.354166666666664,32.791666666666664,37.364583333333336
385,39.864583333333336,50.53125,85.01041666666667,49.645833333333336,46.166666666666664,33.96875,36.416666666666664
386,38.864583333333336,48.28125,85.05208333333333,48.177083333333336,47.0,33.270833333333336,39.145833333333336
387,38.28125,49.479166666666664,88.875,51.8125,44.729166666666664,33.927083333333336,42.9375
388,38.03157894736842,50.90526315789474,91.92631578947369,53.873684210526314,46.06315789473684,34.1578947368421,42.03157894736842
389,42.90526315789474,54.2,91.69473684210526,54.747368421052634,46.04210526315789,32.76842105263158,41.02105263157895
390,40.89473684210526,52.126315789473686,92.85263157894737,55.68421052631579,46.56842105263158,35.89473684210526,43.694736842105264
391,38.0,50.98947368421052,92.82105263157895,58.76842105263158,46.084210526315786,34.90526315789474,45.07368421052632
392,40.705263157894734,50.92631578947368,93.0,58.38947368421053,47.61052631578947,37.747368421052634,45.61052631578947
393,38.114583333333336,53.40625,94.09375,59.21875,48.427083333333336,39.479166666666664,49.5625
394,34.864583333333336,50.21875,96.05208333333333,60.635416666666664,48.75,40.625,51.5
395,35.604166666666664,51.885416666666664,100.96875,61.260416666666664,46.552083333333336,37.25,51.34375
396,34.270833333333336,50.239583333333336,96.92708333333333,60.125,46.927083333333336,38.4375,53.927083333333336
397,34.916666666666664,49.020833333333336,98.72916666666667,61.5625,45.072916666666664,35.90625,51.260416666666664
398,32.8125,46.458333333333336,100.34375,61.645833333333336,43.260416666666664,34.6875,52.25
399,34.85263157894737,47.22105263157895,107.38947368421053,63.28421052631579,42.04210526315789,32.51578947368421,51.8
400,33.810526315789474,44.06315789473684,99.4,58.48421052631579,42.94736842105263,32.65263157894737,55.27368421052632
401,33.680851063829785,43.46808510638298,91.88297872340425,53.5,42.723404255319146,32.8936170212766,56.851063829787236
402,31.595744680851062,40.691489361702125,83.53191489361703,48.297872340425535,40.41489361702128,31.69148936170213,57.48936170212766
403,32.47872340425532,40.297872340425535,75.82978723404256,46.361702127659576,39.9468085106383,30.595744680851062,50.159574468085104
404,32.329787234042556,39.3936170212766,70.90425531914893,41.46808510638298,40.46808510638298,30.319148936170212,50.244680851063826
405,30.526315789473685,38.14736842105263,63.51578947368421,35.33684210526316,37.77894736842105,25.42105263157895,41.03157894736842
406,27.96842105263158,34.6,57.98947368421052,30.642105263157895,35.16842105263158,25.410526315789475,35.88421052631579
407,29.46315789473684,35.38947368421053,59.705263157894734,31.189473684210526,37.32631578947368,24.621052631578948,32.90526315789474
408,28.557894736842105,34.747368421052634,56.136842105263156,29.768421052631577,35.78947368421053,22.25263157894737,29.757894736842104
409,25.736842105263158,31.978947368421053,50.88421052631579,27.042105263157893,33.88421052631579,18.757894736842104,27.36842105263158
410,23.50526315789474,27.905263157894737,49.126315789473686,25.431578947368422,31.263157894736842,17.231578947368423,25.294736842105262
411,24.905263157894737,30.49473684210526,50.34736842105263,27.294736842105262,31.568421052631578,16.157894736842106,23.389473684210525
412,22.51578947368421,27.957894736842107,48.189473684210526,24.989473684210527,29.147368421052633,14.884210526315789,23.042105263157893
413,19.694736842105264,25.726315789473684,45.83157894736842,24.88421052631579,28.589473684210525,14.852631578947369,22.978947368421053
414,20.347826086956523,25.293478260869566,43.869565217391305,24.565217391304348,26.73913043478261,14.293478260869565,20.597826086956523
415,18.141304347826086,23.315217391304348,43.72826086956522,23.97826086956522,25.793478260869566,13.26086956521739,18.032608695652176
416,16.440860215053764,21.612903225806452,43.526881720430104,24.258064516129032,27.150537634408604,14.053763440860216,19.741935483870968
417,17.936842105263157,23.652631578947368,44.55789473684211,23.410526315789475,26.57894736842105,12.863157894736842,18.05263157894737
418,17.229166666666668,22.78125,41.447916666666664,22.75,25.416666666666668,13.541666666666666,18.177083333333332
419,17.96875,23.427083333333332,44.177083333333336,24.135416666666668,25.614583333333332,13.75,17.916666666666668
420,17.427083333333332,22.354166666666668,45.6875,24.322916666666668,25.0625,13.0,17.0625
421,16.541666666666668,21.635416666666668,42.572916666666664,22.552083333333332,23.520833333333332,12.708333333333334,17.833333333333332
422,16.25,20.479166666666668,43.552083333333336,23.71875,22.666666666666668,12.458333333333334,16.53125
423,15.041666666666666,18.739583333333332,42.947916666666664,23.1875,22.822916666666668,12.385416666666666,16.083333333333332
424,14.458333333333334,18.041666666666668,41.833333333333336,22.9375,22.177083333333332,11.979166666666666,15.4375
425,13.208333333333334,15.854166666666666,37.791666666666664,21.03125,21.072916666666668,11.416666666666666,14.1875
426,11.947368421052632,14.452631578947368,34.72631578947368,20.42105263157895,19.726315789473684,10.989473684210527,13.673684210526316
427,10.094736842105263,12.147368421052631,33.16842105263158,19.305263157894736,20.05263157894737,9.368421052631579,11.863157894736842
428,9.354166666666666,11.260416666666666,29.875,18.135416666666668,17.5625,8.979166666666666,9.90625
429,9.48421052631579,10.56842105263158,27.66315789473684,17.42105263157895,16.74736842105263,7.621052631578947,7.71578947368421
430,8.021052631578947,9.43157894736842,24.231578947368423,15.905263157894737,15.663157894736843,7.673684210526316,7.11578947368421
431,7.442105263157894,8.736842105263158,23.03157894736842,16.021052631578947,15.094736842105263,6.673684210526316,6.073684210526316
432,6.526315789473684,7.652631578947369,20.694736842105264,14.326315789473684,12.978947368421053,6.231578947368421,5.6
433,5.708333333333333,6.958333333333333,19.375,12.989583333333334,12.114583333333334,5.03125,4.583333333333333
434,4.9375,5.65625,16.364583333333332,11.635416666666666,10.78125,4.895833333333333,3.6666666666666665
435,4.520833333333333,5.354166666666667,15.84375,11.354166666666666,10.114583333333334,4.916666666666667,3.6458333333333335
436,4.8125,5.552083333333333,14.083333333333334,11.46875,9.229166666666666,4.572916666666667,3.1145833333333335
437,4.291666666666667,4.739583333333333,14.21875,10.666666666666666,9.177083333333334,4.291666666666667,2.5520833333333335
438,3.6041666666666665,4.052083333333333,13.4375,9.895833333333334,7.770833333333333,3.84375,2.2083333333333335
439,3.7011494252873565,3.8620689655172415,10.35632183908046,7.64367816091954,6.551724137931035,3.2528735632183907,1.9195402298850575
440,3.1354166666666665,3.2916666666666665,9.65625,7.552083333333333,6.9375,3.0104166666666665,1.9375
441,3.0833333333333335,3.3125,8.927083333333334,6.802083333333333,6.427083333333333,3.4583333333333335,1.6145833333333333
442,3.0729166666666665,3.3333333333333335,7.46875,6.072916666666667,6.302083333333333,3.4375,1.4166666666666667
443,2.8333333333333335,3.3020833333333335,6.916666666666667,5.447916666666667,6.125,2.9895833333333335,1.5520833333333333
444,3.125,4.28125,7.90625,5.354166666666667,5.65625,2.8125,1.1979166666666667
445,3.294736842105263,4.378947368421053,7.705263157894737,5.631578947368421,6.010526315789473,3.536842105263158,1.2
446,3.768421052631579,4.105263157894737,9.08421052631579,6.11578947368421,6.021052631578947,3.8526315789473684,1.5263157894736843
447,3.9894736842105263,4.431578947368421,9.442105263157895,6.031578947368421,5.326315789473684,3.305263157894737,2.1052631578947367
448,4.705263157894737,5.4,10.68421052631579,6.968421052631579,5.410526315789474,4.073684210526316,2.768421052631579
449,6.673684210526316,7.178947368421053,12.43157894736842,7.91578947368421,5.7368421052631575,3.957894736842105,2.5157894736842104
450,5.589473684210526,6.031578947368421,13.31578947368421,8.063157894736841,6.336842105263158,3.863157894736842,2.6842105263157894
451,6.08421052631579,6.589473684210526,16.073684210526316,9.347368421052632,6.831578947368421,3.6210526315789475,2.4526315789473685
452,7.621052631578947,8.76842105263158,15.494736842105263,9.210526315789474,7.926315789473684,3.610526315789474,2.778947368421053
453,7.621052631578947,10.357894736842105,17.08421052631579,10.378947368421052,9.23157894736842,5.094736842105263,3.389473684210526
454,9.25263157894737,11.673684210526316,17.410526315789475,10.610526315789473,10.421052631578947,6.842105263157895,4.505263157894737
455,10.08421052631579,12.105263157894736,17.94736842105263,9.463157894736842,8.494736842105263,4.926315789473684,3.968421052631579
456,10.442105263157895,14.284210526315789,17.42105263157895,9.452631578947368,9.968421052631578,5.463157894736842,3.9263157894736844
457,16.49473684210526,21.83157894736842,22.042105263157893,11.652631578947368,11.105263157894736,6.705263157894737,5.578947368421052
458,20.50526315789474,29.42105263157895,28.49473684210526,15.23157894736842,12.76842105263158,7.842105263157895,7.936842105263158
459,21.51578947368421,28.094736842105263,31.13684210526316,16.57894736842105,12.947368421052632,6.957894736842105,6.989473684210527
460,23.389473684210525,28.842105263157894,35.11578947368421,17.8,15.905263157894737,8.389473684210527,9.305263157894737
461,25.46315789473684,34.61052631578947,38.294736842105266,19.736842105263158,19.042105263157893,10.694736842105263,10.694736842105263
462,28.557894736842105,35.90526315789474,42.97894736842105,23.389473684210525,24.347368421052632,13.631578947368421,15.0
463,28.621052631578948,30.568421052631578,41.71578947368421,17.842105263157894,20.621052631578948,12.305263157894737,16.105263157894736
464,32.93684210526316,31.49473684210526,44.61052631578947,20.768421052631577,23.242105263157896,13.821052631578947,21.178947368421053
465,33.02105263157895,35.97894736842105,48.02105263157895,22.13684210526316,27.736842105263158,16.010526315789473,21.86315789473684
466,36.473684210526315,41.16842105263158,51.084210526315786,23.66315789473684,32.915789473684214,19.378947368421052,27.621052631578948
467,36.680851063829785,41.712765957446805,53.92553191489362,25.30851063829787,31.414893617021278,18.127659574468087,25.840425531914892
468,36.37234042553192,41.297872340425535,58.297872340425535,27.45744680851064,34.47872340425532,20.574468085106382,30.106382978723403
469,37.56842105263158,42.536842105263155,60.77894736842105,30.28421052631579,37.03157894736842,21.71578947368421,31.51578947368421
470,41.03157894736842,43.28421052631579,64.06315789473685,31.378947368421052,41.07368421052632,24.957894736842107,35.4
471,41.04210526315789,44.36842105263158,67.18947368421053,33.82105263157895,39.83157894736842,22.96842105263158,33.82105263157895
472,38.8421052631579,42.16842105263158,69.70526315789473,35.66315789473684,40.96842105263158,24.557894736842105,35.50526315789474
473,40.45263157894737,44.34736842105263,69.51578947368421,35.96842105263158,40.83157894736842,24.31578947368421,36.66315789473684
474,41.694736842105264,44.50526315789474,74.42105263157895,37.14736842105263,44.66315789473684,25.557894736842105,36.83157894736842
475,41.8421052631579,45.305263157894736,76.17894736842105,39.66315789473684,43.589473684210525,25.45263157894737,37.810526315789474
476,40.34736842105263,47.05263157894737,73.76842105263158,40.705263157894734,43.863157894736844,26.96842105263158,43.71578947368421
477,40.72631578947368,48.705263157894734,75.5578947368421,41.589473684210525,46.04210526315789,27.68421052631579,40.07368421052632
478,42.73684210526316,49.11578947368421,75.30526315789474,43.62105263157895,46.11578947368421,28.05263157894737,42.23157894736842
479,43.23157894736842,49.17894736842105,77.36842105263158,42.17894736842105,46.68421052631579,29.063157894736843,39.43157894736842
480,42.463157894736845,49.189473684210526,79.88421052631578,44.97894736842105,47.72631578947368,29.810526315789474,41.34736842105263
481,42.694736842105264,50.93684210526316,79.22105263157894,45.084210526315786,49.22105263157895,29.63157894736842,39.93684210526316
482,41.757894736842104,50.705263157894734,79.96842105263158,44.63157894736842,49.72631578947368,30.74736842105263,39.126315789473686
483,43.05263157894737,49.305263157894736,82.93684210526315,46.36842105263158,48.56842105263158,29.178947368421053,40.68421052631579
484,40.21052631578947,50.06315789473684,81.52631578947368,46.873684210526314,48.54736842105263,29.642105263157895,39.36842105263158
485,40.6,47.1578947368421,81.88421052631578,49.294736842105266,47.02105263157895,28.42105263157895,39.16842105263158
486,40.02105263157895,45.17894736842105,81.27368421052631,47.54736842105263,47.49473684210526,29.57894736842105,41.810526315789474
487,38.72631578947368,44.61052631578947,80.78947368421052,47.48421052631579,46.62105263157895,28.431578947368422,41.4
488,38.357894736842105,45.084210526315786,81.21052631578948,48.50526315789474,45.95789473684211,27.705263157894738,42.71578947368421
489,39.305263157894736,43.33684210526316,79.2,47.95789473684211,46.11578947368421,26.13684210526316,41.89473684210526
490,39.03157894736842,42.0,79.65263157894736,46.26315789473684,45.1578947368421,26.694736842105264,42.2
491,38.242105263157896,40.45263157894737,79.67368421052632,45.65263157894737,42.536842105263155,25.46315789473684,40.09473684210526
492,36.54736842105263,39.94736842105263,79.01052631578948,46.78947368421053,39.8421052631579,24.821052631578947,41.48421052631579
493,35.76842105263158,39.77894736842105,77.3157894736842,45.48421052631579,40.01052631578948,24.0,42.98947368421052
494,35.16842105263158,36.810526315789474,75.46315789473684,44.10526315789474,38.68421052631579,23.473684210526315,41.63157894736842
495,36.255319148936174,38.265957446808514,77.37234042553192,45.56382978723404,36.255319148936174,22.74468085106383,40.37234042553192
496,35.67368421052632,34.49473684210526,78.27368421052631,45.36842105263158,37.89473684210526,24.568421052631578,39.22105263157895
497,31.53684210526316,34.48421052631579,71.23157894736842,39.252631578947366,36.8,22.473684210526315,36.10526315789474
498,27.94736842105263,33.44210526315789,64.93684210526315,37.1578947368421,36.357894736842105,19.768421052631577,34.421052631578945
499,25.852631578947367,31.473684210526315,59.95789473684211,33.62105263157895,34.747368421052634,19.57894736842105,31.6
500,24.0,29.568421052631578,58.06315789473684,31.642105263157895,33.305263157894736,18.221052631578946,29.010526315789473
501,21.48421052631579,26.894736842105264,52.44210526315789,27.610526315789475,32.90526315789474,16.71578947368421,25.74736842105263
502,21.063157894736843,25.6,47.93684210526316,24.810526315789474,31.326315789473686,16.242105263157896,24.389473684210525
503,23.305263157894736,31.305263157894736,51.76842105263158,28.178947368421053,34.873684210526314,15.884210526315789,24.978947368421053
504,23.094736842105263,31.231578947368423,50.31578947368421,27.873684210526317,32.82105263157895,15.48421052631579,22.852631578947367
505,23.431578947368422,30.263157894736842,47.85263157894737,26.568421052631578,29.894736842105264,14.505263157894737,21.873684210526317
506,23.326315789473686,29.210526315789473,46.8,26.2,29.2,13.757894736842106,21.273684210526316
507,21.642105263157895,26.852631578947367,44.642105263157895,25.694736842105264,27.652631578947368,13.25263157894737,21.49473684210526
508,20.47872340425532,25.106382978723403,42.755319148936174,23.47872340425532,26.914893617021278,12.787234042553191,19.840425531914892
509,20.24468085106383,25.361702127659573,42.08510638297872,22.882978723404257,27.54255319148936,13.085106382978724,19.48936170212766
510,18.78723404255319,24.06382978723404,41.46808510638298,22.670212765957448,26.5531914893617,12.542553191489361,19.074468085106382
511,17.77659574468085,22.893617021276597,41.43617021276596,22.21276595744681,24.70212765957447,11.47872340425532,18.45744680851064
512,17.882978723404257,22.095744680851062,40.41489361702128,21.574468085106382,26.106382978723403,12.47872340425532,18.04255319148936
513,17.263157894736842,21.68421052631579,41.37894736842105,22.957894736842107,24.53684210526316,12.210526315789474,16.821052631578947
514,17.726315789473684,22.33684210526316,41.694736842105264,21.789473684210527,24.789473684210527,12.221052631578948,18.221052631578946
515,17.05263157894737,21.389473684210525,42.747368421052634,22.51578947368421,24.410526315789475,12.968421052631578,18.2
516,17.13684210526316,21.48421052631579,41.02105263157895,22.03157894736842,25.231578947368423,12.178947368421053,16.694736842105264
517,15.778947368421052,20.263157894736842,40.03157894736842,21.57894736842105,23.789473684210527,12.452631578947368,16.326315789473686
518,16.51578947368421,20.410526315789475,41.410526315789475,22.757894736842104,24.326315789473686,11.063157894736841,16.13684210526316
519,15.74736842105263,19.021052631578947,42.694736842105264,22.978947368421053,23.54736842105263,10.852631578947369,15.905263157894737
520,15.242105263157894,18.873684210526317,43.34736842105263,22.389473684210525,24.063157894736843,11.23157894736842,15.16842105263158
521,14.189473684210526,17.63157894736842,39.305263157894736,20.842105263157894,22.821052631578947,11.642105263157895,13.736842105263158
522,13.378947368421052,16.273684210526316,37.61052631578947,20.50526315789474,22.157894736842106,9.589473684210526,12.83157894736842
523,11.578947368421053,14.421052631578947,35.34736842105263,20.36842105263158,21.410526315789475,9.778947368421052,11.810526315789474
524,10.68421052631579,13.263157894736842,33.6,20.48421052631579,20.926315789473684,9.442105263157895,10.273684210526316
525,10.757894736842106,12.842105263157896,30.673684210526314,19.063157894736843,20.05263157894737,8.884210526315789,10.16842105263158
526,9.073684210526316,11.063157894736841,28.53684210526316,17.74736842105263,18.978947368421053,8.063157894736841,8.43157894736842
527,8.147368421052631,9.968421052631578,26.49473684210526,17.094736842105263,16.621052631578948,8.157894736842104,7.568421052631579
528,8.305263157894737,9.705263157894738,23.642105263157895,16.13684210526316,16.0,6.494736842105263,6.2631578947368425
529,6.71578947368421,7.926315789473684,21.852631578947367,14.157894736842104,14.6,6.294736842105263,5.421052631578948
530,5.849462365591398,6.720430107526882,19.43010752688172,13.129032258064516,14.236559139784946,6.258064516129032,5.053763440860215
531,5.774193548387097,6.860215053763441,17.698924731182796,12.688172043010752,12.225806451612904,5.064516129032258,4.333333333333333
532,4.881720430107527,5.419354838709677,17.053763440860216,11.96774193548387,11.387096774193548,4.806451612903226,3.806451612903226
533,4.150537634408602,4.505376344086022,16.602150537634408,12.526881720430108,10.64516129032258,4.193548387096774,3.5268817204301075
534,4.1208791208791204,4.571428571428571,14.483516483516484,10.835164835164836,9.241758241758241,4.78021978021978,3.2967032967032965
535,3.67816091954023,4.091954022988506,12.10344827586207,8.459770114942529,8.724137931034482,3.8620689655172415,2.5402298850574714
536,3.4468085106382977,3.6914893617021276,10.914893617021276,8.351063829787234,7.808510638297872,3.5425531914893615,2.234042553191489
537,2.776595744680851,3.0,9.24468085106383,6.8936170212765955,7.5638297872340425,3.4148936170212765,2.1702127659574466
538,3.074468085106383,3.117021276595745,8.5,6.425531914893617,6.308510638297872,3.223404255319149,2.127659574468085
539,3.1702127659574466,3.3191489361702127,8.404255319148936,6.138297872340425,6.382978723404255,2.925531914893617,2.0
540,2.478723404255319,2.6914893617021276,8.148936170212766,6.031914893617022,5.851063829787234,2.797872340425532,1.702127659574468
541,3.234042553191489,3.276595744680851,6.904255319148936,5.351063829787234,5.48936170212766,2.776595744680851,1.6595744680851063
542,3.3297872340425534,3.4148936170212765,8.702127659574469,5.3936170212765955,5.095744680851064,2.6808510638297873,1.9893617021276595
543,2.9574468085106385,3.0851063829787235,7.542553191489362,5.48936170212766,5.212765957446808,3.127659574468085,2.0425531914893615
544,3.1473684210526316,3.4526315789473685,7.978947368421053,5.978947368421053,5.042105263157895,3.0,1.894736842105263
545,3.2526315789473683,3.6210526315789475,7.484210526315789,6.063157894736842,5.2105263157894735,2.968421052631579,1.6210526315789473
546,2.8421052631578947,3.389473684210526,7.726315789473684,5.926315789473684,6.08421052631579,2.768421052631579,1.4
547,3.3263157894736843,3.557894736842105,7.526315789473684,5.726315789473684,6.063157894736842,2.3789473684210525,1.4105263157894736
548,3.1473684210526316,3.873684210526316,7.578947368421052,5.8,5.978947368421053,2.5157894736842104,1.7263157894736842
549,4.242105263157895,5.810526315789474,8.789473684210526,5.926315789473684,6.389473684210526,3.1473684210526316,1.6
550,5.88421052631579,6.778947368421052,9.810526315789474,5.926315789473684,7.147368421052631,4.136842105263158,2.2421052631578946
551,5.91578947368421,7.031578947368421,9.31578947368421,6.178947368421053,5.757894736842105,3.4526315789473685,3.1157894736842104
552,4.831578947368421,5.852631578947369,9.494736842105263,6.410526315789474,5.88421052631579,3.463157894736842,2.8
553,6.71578947368421,8.421052631578947,10.021052631578947,6.526315789473684,6.431578947368421,2.968421052631579,2.4947368421052634
554,6.178947368421053,7.6,11.76842105263158,7.336842105263158,6.5473684210526315,3.4842105263157896,2.4210526315789473
555,7.042105263157895,8.136842105263158,12.789473684210526,7.515789473684211,6.2105263157894735,3.0105263157894737,2.694736842105263
556,8.16842105263158,10.652631578947368,14.136842105263158,8.43157894736842,7.189473684210526,3.7157894736842105,3.663157894736842
557,12.726315789473684,17.45263157894737,15.621052631578948,9.063157894736841,8.715789473684211,4.189473684210526,4.063157894736842
558,14.621052631578948,19.105263157894736,17.68421052631579,9.884210526315789,12.8,6.389473684210526,5.2631578947368425
559,17.178947368421053,21.957894736842107,19.94736842105263,10.810526315789474,10.673684210526316,5.315789473684211,5.894736842105263
560,17.91578947368421,24.46315789473684,22.147368421052633,12.578947368421053,14.2,6.094736842105263,8.652631578947368
561,20.94736842105263,29.54736842105263,26.905263157894737,14.389473684210527,17.54736842105263,7.71578947368421,11.042105263157895
562,25.989473684210527,36.31578947368421,31.905263157894737,16.810526315789474,20.894736842105264,11.715789473684211,11.842105263157896
563,26.905263157894737,34.98947368421052,32.61052631578947,16.568421052631578,19.46315789473684,10.43157894736842,11.968421052631578
564,27.231578947368423,36.705263157894734,34.8,17.63157894736842,18.926315789473684,9.56842105263158,13.736842105263158
565,29.36842105263158,39.536842105263155,38.63157894736842,18.842105263157894,21.71578947368421,11.526315789473685,17.51578947368421
566,29.726315789473684,40.189473684210526,42.294736842105266,21.50526315789474,26.042105263157893,12.452631578947368,19.694736842105264
567,29.526315789473685,39.1578947368421,44.23157894736842,22.28421052631579,23.45263157894737,11.8,20.357894736842105
568,31.829787234042552,40.61702127659574,46.91489361702128,23.75531914893617,25.95744680851064,11.851063829787234,20.393617021276597
569,33.40425531914894,44.723404255319146,50.787234042553195,25.76595744680851,28.78723404255319,11.75531914893617,21.93617021276596
570,35.43617021276596,46.659574468085104,54.5,27.617021276595743,31.914893617021278,14.819148936170214,25.0531914893617
571,34.255319148936174,46.265957446808514,61.61702127659574,29.56382978723404,31.76595744680851,14.127659574468085,26.06382978723404
572,34.71578947368421,47.0,64.03157894736842,30.957894736842107,33.09473684210526,14.905263157894737,26.45263157894737
573,36.78947368421053,47.68421052631579,63.34736842105263,31.442105263157895,36.8,16.294736842105262,29.378947368421052
574,37.65263157894737,50.45263157894737,64.57894736842105,32.578947368421055,38.589473684210525,17.357894736842105,30.978947368421053
575,38.757894736842104,50.252631578947366,68.61052631578947,33.97894736842105,39.23157894736842,17.31578947368421,29.989473684210527
576,38.410526315789475,50.11578947368421,71.36842105263158,36.642105263157895,40.49473684210526,17.8,31.6
577,39.22105263157895,52.83157894736842,69.12631578947368,34.67368421052632,42.126315789473686,17.94736842105263,31.88421052631579
578,38.34736842105263,51.4,71.85263157894737,36.242105263157896,44.01052631578948,20.157894736842106,33.44210526315789
579,36.72631578947368,49.90526315789474,73.14736842105263,37.11578947368421,43.0,20.0,33.61052631578947
580,36.578947368421055,50.28421052631579,73.84210526315789,37.76842105263158,42.757894736842104,21.231578947368423,34.07368421052632
581,36.09473684210526,49.92631578947368,73.96842105263158,37.252631578947366,43.16842105263158,20.231578947368423,33.810526315789474
582,34.45263157894737,47.757894736842104,72.2421052631579,38.305263157894736,41.915789473684214,20.410526315789475,34.11578947368421
583,34.22105263157895,46.705263157894734,71.83157894736843,38.10526315789474,41.96842105263158,21.042105263157893,35.810526315789474
584,33.294736842105266,44.589473684210525,72.7578947368421,40.02105263157895,40.4,20.242105263157896,33.8421052631579
585,30.86315789473684,42.77894736842105,71.18947368421053,38.68421052631579,40.578947368421055,20.231578947368423,35.33684210526316
586,31.8,43.22105263157895,71.97894736842105,38.694736842105264,38.63157894736842,19.473684210526315,34.421052631578945
587,31.768421052631577,42.82105263157895,73.29473684210527,38.50526315789474,38.04210526315789,18.442105263157895,36.04210526315789
588,30.94736842105263,40.78947368421053,73.72631578947369,38.747368421052634,37.305263157894736,18.526315789473685,34.8421052631579
589,31.42105263157895,41.06315789473684,72.4,38.8,37.37894736842105,17.91578947368421,33.63157894736842
590,30.273684210526316,41.16842105263158,71.3578947368421,38.55789473684211,37.410526315789475,18.25263157894737,34.49473684210526
591,30.694736842105264,40.03157894736842,73.28421052631579,38.421052631578945,36.136842105263156,17.768421052631577,35.92631578947368
592,28.873684210526317,39.54736842105263,72.2421052631579,38.82105263157895,36.04210526315789,18.2,34.95789473684211
593,28.210526315789473,38.578947368421055,65.14736842105263,34.34736842105263,34.44210526315789,17.431578947368422,32.65263157894737
594,26.873684210526317,36.38947368421053,63.357894736842105,34.89473684210526,32.757894736842104,16.273684210526316,30.91578947368421
595,26.063157894736843,34.66315789473684,60.8,32.6,31.126315789473683,15.905263157894737,27.642105263157895
596,22.51578947368421,30.936842105263157,58.01052631578948,32.76842105263158,30.905263157894737,15.336842105263157,24.778947368421054
597,22.242105263157896,29.49473684210526,50.83157894736842,29.25263157894737,29.410526315789475,14.43157894736842,22.54736842105263
598,21.50526315789474,27.96842105263158,48.421052631578945,26.936842105263157,29.2,14.810526315789474,20.726315789473684
599,21.48421052631579,27.91578947368421,46.578947368421055,25.926315789473684,28.936842105263157,13.452631578947368,21.2
600,21.05263157894737,27.357894736842105,46.0,25.11578947368421,27.0,13.673684210526316,21.45263157894737
601,21.189473684210526,26.568421052631578,45.863157894736844,25.05263157894737,27.621052631578948,13.821052631578947,21.03157894736842
602,21.178947368421053,26.105263157894736,45.02105263157895,24.68421052631579,27.48421052631579,14.16842105263158,20.54736842105263
603,21.46315789473684,26.33684210526316,45.50526315789474,23.63157894736842,26.4,12.610526315789473,21.157894736842106
604,21.63157894736842,25.842105263157894,42.93684210526316,23.31578947368421,26.6,12.031578947368422,20.326315789473686
605,19.48421052631579,23.31578947368421,41.694736842105264,22.378947368421052,24.442105263157895,12.0,20.25263157894737
606,17.126315789473683,21.894736842105264,39.33684210526316,21.4,24.305263157894736,12.189473684210526,19.410526315789475
607,16.50526315789474,20.610526315789475,37.92631578947368,21.042105263157893,23.431578947368422,11.642105263157895,17.852631578947367
608,15.463157894736842,19.263157894736842,36.78947368421053,19.63157894736842,24.66315789473684,12.273684210526316,16.42105263157895
609,14.76842105263158,18.126315789473683,34.90526315789474,19.273684210526316,23.305263157894736,10.842105263157896,15.694736842105263
610,13.936842105263159,17.557894736842105,32.89473684210526,18.989473684210527,21.852631578947367,11.463157894736842,16.178947368421053
611,13.284210526315789,16.642105263157895,31.71578947368421,18.347368421052632,21.242105263157896,10.926315789473684,14.105263157894736
612,12.25263157894737,15.421052631578947,29.673684210526314,17.431578947368422,21.210526315789473,9.884210526315789,12.08421052631579
613,11.473684210526315,14.48421052631579,26.778947368421054,15.810526315789474,18.94736842105263,9.294736842105262,10.978947368421053
614,9.8,12.126315789473685,25.010526315789473,14.884210526315789,18.589473684210525,8.68421052631579,9.68421052631579
615,8.126315789473685,9.578947368421053,23.842105263157894,14.68421052631579,17.294736842105262,8.505263157894737,8.463157894736842
616,7.74468085106383,9.106382978723405,22.73404255319149,13.670212765957446,15.98936170212766,8.202127659574469,7.468085106382978
617,7.01063829787234,8.25531914893617,21.75531914893617,13.074468085106384,14.351063829787234,7.24468085106383,6.585106382978723
618,5.78494623655914,6.655913978494624,18.623655913978496,11.591397849462366,13.161290322580646,6.440860215053763,5.10752688172043
619,5.095744680851064,5.819148936170213,16.95744680851064,11.457446808510639,12.606382978723405,6.340425531914893,4.787234042553192
620,4.4526315789473685,5.421052631578948,14.284210526315789,11.0,12.105263157894736,5.5473684210526315,4.252631578947368
621,3.5894736842105264,4.063157894736842,13.74736842105263,9.368421052631579,11.25263157894737,4.894736842105263,4.105263157894737
622,3.4947368421052634,4.042105263157895,11.178947368421053,8.736842105263158,10.210526315789474,4.515789473684211,3.1052631578947367
623,3.074468085106383,3.478723404255319,10.712765957446809,8.53191489361702,8.914893617021276,4.170212765957447,2.5851063829787235
624,2.736842105263158,2.9473684210526314,9.663157894736843,7.536842105263158,7.052631578947368,3.2,2.442105263157895
625,2.4148936170212765,2.797872340425532,9.202127659574469,6.648936170212766,6.723404255319149,2.9893617021276597,2.1595744680851063
626,2.074468085106383,2.25531914893617,7.75531914893617,5.946808510638298,5.691489361702128,2.9148936170212765,1.946808510638298
627,2.0,2.389473684210526,7.3052631578947365,6.11578947368421,5.315789473684211,2.8,1.6842105263157894
628,1.6105263157894736,1.9894736842105263,6.189473684210526,5.431578947368421,4.747368421052632,2.263157894736842,1.431578947368421
629,1.7263157894736842,2.168421052631579,5.505263157894737,4.568421052631579,4.052631578947368,2.094736842105263,1.2421052631578948
630,1.7052631578947368,1.9578947368421054,6.178947368421053,4.810526315789474,4.231578947368421,1.7789473684210526,1.305263157894737
631,1.4090909090909092,1.7386363636363635,5.056818181818182,3.8068181818181817,3.375,1.7386363636363635,0.9090909090909091
632,1.4421052631578948,1.4947368421052631,4.536842105263158,3.736842105263158,3.831578947368421,1.894736842105263,0.9157894736842105
633,1.5263157894736843,1.7263157894736842,4.484210526315789,3.7263157894736842,3.431578947368421,2.0736842105263156,0.9157894736842105
634,2.094736842105263,2.1789473684210527,4.147368421052631,3.4947368421052634,3.7157894736842105,2.031578947368421,0.8736842105263158
635,1.9578947368421054,2.136842105263158,5.473684210526316,3.7263157894736842,2.9789473684210526,1.5578947368421052,0.9789473684210527
636,2.357894736842105,2.905263157894737,5.063157894736842,3.463157894736842,3.1789473684210527,1.5157894736842106,0.8947368421052632
637,3.0631578947368423,3.7263157894736842,6.705263157894737,4.421052631578948,3.4842105263157896,1.936842105263158,0.9578947368421052
638,3.8105263157894735,4.168421052631579,9.357894736842105,6.442105263157894,5.168421052631579,2.9368421052631577,1.568421052631579
639,5.7894736842105265,6.252631578947368,13.736842105263158,8.31578947368421,4.536842105263158,3.1894736842105265,1.7894736842105263
640,8.715789473684211,9.778947368421052,19.50526315789474,11.147368421052631,6.021052631578947,3.5789473684210527,2.7473684210526317
641,12.557894736842105,14.147368421052631,28.936842105263157,15.463157894736842,6.936842105263158,4.936842105263158,2.1789473684210527
642,14.463157894736842,15.421052631578947,33.97894736842105,19.25263157894737,10.936842105263159,6.926315789473684,3.6526315789473682
643,20.98936170212766,18.28723404255319,38.170212765957444,20.117021276595743,9.893617021276595,5.170212765957447,6.553191489361702
644,30.19148936170213,27.361702127659573,43.42553191489362,21.48936170212766,13.361702127659575,10.914893617021276,8.712765957446809
645,36.8,38.16842105263158,45.23157894736842,22.48421052631579,20.42105263157895,19.13684210526316,9.0
646,45.09473684210526,51.16842105263158,52.37894736842105,26.957894736842107,24.936842105263157,27.51578947368421,11.115789473684211
647,45.410526315789475,46.8421052631579,50.54736842105263,24.83157894736842,21.778947368421054,26.50526315789474,10.757894736842106
648,48.645833333333336,55.5,54.708333333333336,27.302083333333332,22.979166666666668,28.791666666666668,11.260416666666666
649,56.854166666666664,65.47916666666667,58.041666666666664,29.739583333333332,27.395833333333332,37.125,16.197916666666668
650,61.40625,71.83333333333333,61.875,31.75,31.09375,42.229166666666664,21.75
651,67.14583333333333,68.1875,63.510416666666664,34.46875,31.40625,39.197916666666664,24.5625
652,68.38541666666667,73.22916666666667,66.5625,34.645833333333336,33.010416666666664,40.395833333333336,26.375
653,67.17708333333333,79.59375,63.739583333333336,34.947916666666664,33.020833333333336,37.395833333333336,22.84375
654,51.4375,66.5625,63.708333333333336,35.666666666666664,36.125,39.708333333333336,25.125
655,51.114583333333336,58.4375,58.135416666666664,30.791666666666668,35.1875,36.875,22.135416666666668
656,38.28125,50.145833333333336,60.71875,33.125,36.635416666666664,35.291666666666664,22.03125
657,33.291666666666664,49.677083333333336,63.114583333333336,31.885416666666668,37.833333333333336,32.447916666666664,22.583333333333332
658,33.333333333333336,47.770833333333336,60.677083333333336,30.645833333333332,36.53125,29.854166666666668,23.229166666666668
659,31.873684210526317,44.1578947368421,61.03157894736842,31.53684210526316,35.55789473684211,26.568421052631578,21.96842105263158
660,31.177083333333332,42.802083333333336,62.375,29.375,35.885416666666664,26.583333333333332,22.9375
661,31.31578947368421,44.410526315789475,63.863157894736844,31.589473684210525,36.16842105263158,26.42105263157895,23.210526315789473
662,28.789473684210527,42.8,67.27368421052631,32.62105263157895,37.1578947368421,27.50526315789474,25.094736842105263
663,30.4,41.536842105263155,67.26315789473684,33.084210526315786,36.22105263157895,23.88421052631579,24.694736842105264
664,30.42105263157895,43.4,69.07368421052631,34.82105263157895,35.48421052631579,24.96842105263158,25.305263157894736
665,30.178947368421053,44.95789473684211,68.3578947368421,36.72631578947368,36.72631578947368,25.378947368421052,25.50526315789474
666,30.617021276595743,44.351063829787236,71.95744680851064,36.297872340425535,38.276595744680854,27.75531914893617,27.127659574468087
667,30.020833333333332,44.34375,69.82291666666667,36.354166666666664,37.552083333333336,26.8125,27.71875
668,31.270833333333332,43.34375,72.61458333333333,39.583333333333336,38.5625,28.84375,28.28125
669,31.197916666666668,44.46875,73.58333333333333,39.645833333333336,41.354166666666664,29.479166666666668,29.791666666666668
670,32.697916666666664,42.427083333333336,73.6875,39.0625,41.822916666666664,28.104166666666668,30.020833333333332
671,31.697916666666668,41.989583333333336,77.02083333333333,40.041666666666664,40.895833333333336,28.635416666666668,28.6875
